<?xml version="1.0" encoding="UTF-8"?>
<!DOCTYPE mapper
  PUBLIC "-//mybatis.org//DTD Mapper 3.0//EN"
  "http://mybatis.org/dtd/mybatis-3-mapper.dtd">
<mapper namespace="com.bit.board.dao.ReboardDao">

  <insert id="writeArticle" parameterType="reboardDto">
    insert all
      into board (seq, name, id, email, subject, content, hit, logtime, bcode)
      values (#{seq}, #{name}, #{id}, #{email}, #{subject}, #{content}, 0, sysdate, #{bcode})
      into reboard (rseq, seq, ref, lev, step, pseq, reply)
      values (reboard_rseq.nextval, #{seq}, #{ref}, 0, 0, 0, 0)
    select * from dual
  </insert>
  
  <select id="viewArticle" parameterType="int" resultType="reboardDto">
    select b.seq, b.name, b.id, b.email, b.subject, b.content, b.hit,  b.bcode,
      b.logtime, r.rseq, r.ref, r.lev, r.step, r.pseq, r.reply
	  from board b, reboard r
		where b.seq = r.seq
		and b.seq = #{seq}
  </select>
  
  <select id="listArticle" parameterType="Map" resultType="reboardDto">
    select *
		from(select rownum rn, a.*
		  from(
		    select b.seq, b.name, b.id, b.email, b.subject, b.content, b.hit,  b.bcode,
		        decode(to_char(b.logtime, 'YYMMDD'), to_char(sysdate, 'YYMMDD'), to_char(b.logtime,'hh24:mi:ss'), to_char(b.logtime, 'YY.MM.DD')) logtime, 
		      r.rseq, r.ref, r.lev, r.step, r.pseq, r.reply
		    from board b join reboard r
		    on b.seq = r.seq
		    where b.bcode = #{bcode}
		    <if test="word != null and word != ''">
		      <choose>
		        <when test="key =='subject'">
		          and b.subject like '%'||#{word}||'%'
		        </when>
		        <otherwise>
		          and b.${key} = #{word}
		        </otherwise>
		      </choose>
		    </if>
		    order by ref desc, step
		    ) a
		  where rownum &lt;= #{end}
		  ) b
		where b.rn > #{start}
  </select>
  
  <update id="updateStep" parameterType="reboardDto">
    update reboard
    set step = step + 1
    where ref = #{ref}
    and step > #{step}
  </update>
  
  <insert id="replyArticle" parameterType="reboardDto">
   insert all
      into board (seq, name, id, email, subject, content, hit, logtime, bcode)
      values (#{seq}, #{name}, #{id}, #{email}, #{subject}, #{content}, 0, sysdate, #{bcode})
      into reboard (rseq, seq, ref, lev, step, pseq, reply)
      values (reboard_rseq.nextval, #{seq}, #{ref}, #{lev} + 1, #{step} + 1, #{pseq}, 0)
    select * from dual
  </insert>
    
  <update id="updateReply" parameterType="int">
    update reboard
    set reply = reply + 1
    where seq = #{pseq}
  </update>
  
</mapper>